Identificador,nombre,apellidos,telefono,email,direccion,ciudad,provincia,codigo_postal
1,Ana,García,600000001,ana1@ejemplo.test,"Calle 11, 1",Torrent,Valencia,46001
2,Carlos,Martínez,600000002,carlos2@ejemplo.test,"Calle 12, 2",Paterna,Valencia,46002
3,Lucía,López,600000003,lucía3@ejemplo.test,"Calle 13, 3",Burjassot,Valencia,46003
4,Miguel,Sánchez,600000004,miguel4@ejemplo.test,"Calle 14, 4",Mislata,Valencia,46004
5,Sofía,Pérez,600000005,sofía5@ejemplo.test,"Calle 15, 5",Valencia,Valencia,46005
6,David,Gómez,600000006,david6@ejemplo.test,"Calle 16, 6",Torrent,Valencia,46006
7,Elena,García,600000007,elena7@ejemplo.test,"Calle 17, 7",Paterna,Valencia,46007
8,Pablo,Martínez,600000008,pablo8@ejemplo.test,"Calle 18, 8",Burjassot,Valencia,46008
9,Marta,López,600000009,marta9@ejemplo.test,"Calle 19, 9",Mislata,Valencia,46009
10,Javier,Sánchez,600000010,javier10@ejemplo.test,"Calle 20, 10",Valencia,Valencia,46010
11,Paula,Pérez,600000011,paula11@ejemplo.test,"Calle 21, 11",Torrent,Valencia,46011
12,Sergio,Gómez,600000012,sergio12@ejemplo.test,"Calle 22, 12",Paterna,Valencia,46012
13,Ana,García,600000013,ana13@ejemplo.test,"Calle 23, 13",Burjassot,Valencia,46013
14,Carlos,Martínez,600000014,carlos14@ejemplo.test,"Calle 24, 14",Mislata,Valencia,46014
15,Lucía,López,600000015,lucía15@ejemplo.test,"Calle 25, 15",Valencia,Valencia,46015
16,Miguel,Sánchez,600000016,miguel16@ejemplo.test,"Calle 26, 16",Torrent,Valencia,46016
17,Sofía,Pérez,600000017,sofía17@ejemplo.test,"Calle 27, 17",Paterna,Valencia,46017
18,David,Gómez,600000018,david18@ejemplo.test,"Calle 28, 18",Burjassot,Valencia,46018
19,Elena,García,600000019,elena19@ejemplo.test,"Calle 29, 19",Mislata,Valencia,46019
20,Pablo,Martínez,600000020,pablo20@ejemplo.test,"Calle 30, 20",Valencia,Valencia,46020
21,Marta,López,600000021,marta21@ejemplo.test,"Calle 31, 21",Torrent,Valencia,46021
22,Javier,Sánchez,600000022,javier22@ejemplo.test,"Calle 32, 22",Paterna,Valencia,46022
23,Paula,Pérez,600000023,paula23@ejemplo.test,"Calle 33, 23",Burjassot,Valencia,46023
24,Sergio,Gómez,600000024,sergio24@ejemplo.test,"Calle 34, 24",Mislata,Valencia,46024
25,Ana,García,600000025,ana25@ejemplo.test,"Calle 35, 25",Valencia,Valencia,46025
26,Carlos,Martínez,600000026,carlos26@ejemplo.test,"Calle 36, 26",Torrent,Valencia,46026
27,Lucía,López,600000027,lucía27@ejemplo.test,"Calle 37, 27",Paterna,Valencia,46027
28,Miguel,Sánchez,600000028,miguel28@ejemplo.test,"Calle 38, 28",Burjassot,Valencia,46028
29,Sofía,Pérez,600000029,sofía29@ejemplo.test,"Calle 39, 29",Mislata,Valencia,46029
30,David,Gómez,600000030,david30@ejemplo.test,"Calle 40, 30",Valencia,Valencia,46030
31,"Jose Vicente",Carratala,63464,info2jocarsa.com,wdsgdsf,asdf,sadf,623
