id,numero,pedido_id,fecha,base_imponible,iva,total,estado
1,F-2026-0001,1,2026-09-02,43.18,9.07,52.25,pagada
2,F-2026-0002,2,2026-09-03,57.44,12.06,69.5,pagada
3,F-2026-0003,3,2026-09-04,71.69,15.06,86.75,pendiente
4,F-2026-0004,4,2026-09-05,85.95,18.05,104,pagada
5,F-2026-0005,5,2026-09-06,100.21,21.04,121.25,pagada
6,F-2026-0006,6,2026-09-07,114.46,24.04,138.5,pendiente
7,F-2026-0007,7,2026-09-08,128.72,27.03,155.75,pagada
8,F-2026-0008,8,2026-09-09,142.98,30.02,173,pagada
9,F-2026-0009,9,2026-09-10,157.23,33.02,190.25,pendiente
10,F-2026-0010,10,2026-09-11,171.49,36.01,207.5,pagada
11,F-2026-0011,11,2026-09-12,185.74,39.01,224.75,pagada
12,F-2026-0012,12,2026-09-13,200,42,242,pendiente
13,F-2026-0013,13,2026-09-14,214.26,44.99,259.25,pagada
14,F-2026-0014,14,2026-09-15,228.51,47.99,276.5,pagada
15,F-2026-0015,15,2026-09-16,242.77,50.98,293.75,pendiente
16,F-2026-0016,16,2026-09-17,257.02,53.98,311,pagada
17,F-2026-0017,17,2026-09-18,271.28,56.97,328.25,pagada
18,F-2026-0018,18,2026-09-19,285.54,59.96,345.5,pendiente
19,F-2026-0019,19,2026-09-20,299.79,62.96,362.75,pagada
20,F-2026-0020,20,2026-09-21,314.05,65.95,380,pagada
