id,almacen_id,producto_id,unidades,ubicacion
1,1,1,11,P1-E1-B1
2,2,1,12,P2-E1-B1
3,1,2,12,P1-E1-B2
4,2,2,14,P2-E1-B2
5,1,3,13,P1-E1-B3
6,2,3,16,P2-E1-B3
7,1,4,14,P1-E2-B4
8,2,4,18,P2-E2-B4
9,1,5,15,P1-E2-B5
10,2,5,20,P2-E2-B5
11,1,6,16,P1-E2-B6
12,2,6,22,P2-E2-B6
13,1,7,17,P1-E3-B7
14,2,7,24,P2-E3-B7
15,1,8,18,P1-E3-B8
16,2,8,26,P2-E3-B8
17,1,9,19,P1-E3-B9
18,2,9,28,P2-E3-B9
19,1,10,20,P1-E4-B10
20,2,10,30,P2-E4-B10
21,1,11,21,P1-E4-B11
22,2,11,32,P2-E4-B11
23,1,12,22,P1-E4-B12
24,2,12,34,P2-E4-B12
