id,fecha,cliente_id,empleado_id,estado,total
1,2026-09-02,1,1,preparando,52.25
2,2026-09-03,2,2,enviado,69.5
3,2026-09-04,3,3,entregado,86.75
4,2026-09-05,4,1,pendiente,104
5,2026-09-06,5,2,preparando,121.25
6,2026-09-07,6,3,enviado,138.5
7,2026-09-08,7,1,entregado,155.75
8,2026-09-09,8,2,pendiente,173
9,2026-09-10,9,3,preparando,190.25
10,2026-09-11,10,1,enviado,207.5
11,2026-09-12,11,2,entregado,224.75
12,2026-09-13,12,3,pendiente,242
13,2026-09-14,13,1,preparando,259.25
14,2026-09-15,14,2,enviado,276.5
15,2026-09-16,15,3,entregado,293.75
16,2026-09-17,16,1,pendiente,311
17,2026-09-18,17,2,preparando,328.25
18,2026-09-19,18,3,enviado,345.5
19,2026-09-20,19,1,entregado,362.75
20,2026-09-21,20,2,pendiente,380
