nombre,apellidos,email,telefono
Oscar, Sorensen, oscar@gmail.com, 123234234
Jose Vicente,Carratala,info@jocarsa.com,54325234
Laura,Martinez Garcia,laura.martinez@example.com,612345678
Carlos,Sanchez Lopez,carlos.sanchez@example.com,623456789
Marta,Fernandez Ruiz,marta.fernandez@example.com,634567890
David,Gomez Perez,david.gomez@example.com,645678901
Elena,Navarro Torres,elena.navarro@example.com,656789012
Javier,Ruiz Moreno,javier.ruiz@example.com,667890123
Sara,Lopez Romero,sara.lopez@example.com,678901234
Miguel,Garcia Vidal,miguel.garcia@example.com,689012345
Andrea,Perez Molina,andrea.perez@example.com,610123456
Pablo,Torres Castillo,pablo.torres@example.com,621234567
Lucia,Moreno Gil,lucia.moreno@example.com,632345678
Sergio,Ramos Ortega,sergio.ramos@example.com,643456789
Paula,Vidal Santos,paula.vidal@example.com,654567890
Alberto,Molina Cano,alberto.molina@example.com,665678901
Cristina,Castillo Ferrer,cristina.castillo@example.com,676789012
Daniel,Gil Pastor,daniel.gil@example.com,687890123
Natalia,Ortega Serra,natalia.ortega@example.com,698901234
Alejandro,Santos Calvo,alejandro.santos@example.com,609012345
Beatriz,Cano Ibañez,beatriz.cano@example.com,620123456
Raul,Ferrer Dominguez,raul.ferrer@example.com,631234567
Irene,Pastor Blasco,irene.pastor@example.com,642345678
Adrian,Serra Gimenez,adrian.serra@example.com,653456789
Patricia,Calvo Esteve,patricia.calvo@example.com,664567890
Victor,Ibañez Soler,victor.ibanez@example.com,675678901
Silvia,Dominguez Marco,silvia.dominguez@example.com,686789012
Hector,Blasco Puig,hector.blasco@example.com,697890123
Noelia,Gimenez Costa,noelia.gimenez@example.com,608901234
Marcos,Esteve Beltran,marcos.esteve@example.com,619012345
Claudia,Soler Ferrando,claudia.soler@example.com,630123456
Ivan,Puig Salvador,ivan.puig@example.com,641234567